Author,Title,DOI,Code
"Barma, N. C. D.; Bhatt, B. P.; Chattopadhyay, C.; Chowdhury, A. K.; Gathala, Mahesh K.; Gerard, B.; Islam, Md. S.; Jackson, Tamara M.; Laing, Alison M.; Rana, D. S.; Shrestha, R.; Singh, A. K.; Timsina, J.; Tiwari, T. P.","Enabling smallholder farmers to sustainably improve their food, energy and water nexus while achieving environmental and economic benefits",10.1016/j.rser.2019.109645,6141688
"Ferdousi, M. N. S.; Hossain, Akbar; Jahan, M. A. H. S.; Sarkar, M. A. R.; da Silva, Jaime A. Teixeira",Productivity impacts and nutrient balances of an intensive potato-mungbean-rice crop rotation in multiple environments of Bangladesh,10.1016/j.agee.2016.06.032,6136932
"Maliki, Raphiou; Sinsin, Brice; Toukourou, Mouissou; Vernier, Philippe",Productivity of yam-based systems with herbaceous legumes and short fallows in the Guinea-Sudan transition zone of Benin,10.1007/s10705-011-9468-7,6146819
"Assogba, G.; Mensah, R. K.; Monday, P.; Sanfillippo, D.; Vodouhe, D. S.",Increasing organic cotton production in Benin West Africa with a supplementary food spray product to manage pests and beneficial insects,10.1080/09670874.2011.645905,6135851
"Deb, Jiban Chandra; Hickey, Gordon M.; Kayes, Imrul; Rahman, H. M. Tuihedur","Contrasting the financial efficiency of agroforestry practices in buffer zone management of Madhupur National Park, Bangladesh",10.1007/s10310-013-0392-3,6133383
"Bell, Richard W.; Haque, Md Enamul; Islam, Md Ariful; Jahiruddin, M.; Johansen, Chris; Vance, Wendy",Conservation agriculture effects on yield and profitability of rice-based systems in the Eastern Indo-Gangetic Plain,10.1017/S0014479722000291,6133293
"Bell, R. W.; Haque, M. E.; Hossain, M. M.; Hossen, M. A.","Transplanting into non-puddled soils with a small-scale mechanical transplanter reduced fuel, labour and irrigation water requirements for rice (Oryza sativa L.) establishment and increased yield",10.1016/j.fcr.2018.06.009,6132757
"Goswami, Palash C.; Hossain, Md Faruk; Mahalder, Debabrata; Rashid, M. Harunur; Rony, M. Khairul, I; Russell, Timothy D.; Shirazy, B. J.",Mechanised non-puddled transplanting of boro rice following mustard conserves resources and enhances productivity,10.1016/j.fcr.2018.06.006,6136388
"Alim, Md. Abdul; Arefin, Md. Shamsul; Bhatt, Rajan; Hassan, Mohamed M.; Hassan, Sabry; Hossain, Akbar; Islam, Md. Ariful; Rahman, Md. Mokhlesur; Soliman, Mahmoud F. K.",Integrated Nutrient Management Improves Productivity and Quality of Sugarcane (Saccharum Officinarum L.),10.32604/phyton.2022.017359,6135658
"Ali, M. Akkas; Hossain, Md Faruque; Islam, Md Aminul; Islam, Md Jahedul; Khan, A. S. M. Mahbubur Rahman; Moniruzzaman, Md",Transforming Triple Cropping System to Four Crops Pattern: An Approach of Enhancing System Productivity through Intensifying Land Use System in Bangladesh,10.1155/2018/7149835,6132772
"Assefa, Yared; Bhandari, Humnath; Bhattacharya, Jayanta; Jagadish, S. V. Krishna; Mondal, Manoranjan K.; Parvin, Rokhsana; Prasad, P. V. Vara; Rahman, Mahabubur; Sarker, Shilpi R.; Shew, Aaron M.; Sutradhar, Asish; Yadav, Sudhir","Crop diversification in rice-based systems in the polders of Bangladesh: Yield stability, profitability, and associated risk",10.1016/j.agsy.2020.102986,6133189
"Borghi, E.; Crusciol, C. A. C.; Martins, P. O.; Mateus, G. P.; Nascente, A. S.; Pariz, C. M.",Intercropping soybean and palisade grass for enhanced land use efficiency and revenue in a no till system,10.1016/j.eja.2014.05.001,6134244
"Perdona, Marcos J.; Soratto, Rogerio P.",Arabica Coffee-Macadamia Intercropping: A Suitable Macadamia Cultivar to Allow Mechanization Practices and Maximize Profi tability,10.2134/agronj2016.01.0024,6141947
"Bossolani, Joao W.; Cantarella, Heitor; Castilhos, Andre M.; Costa, Ciniro; Costa, Claudio H. M.; Costa, Nidia R.; Crusciol, Carlos A. C.; Franzluebbers, Alan J.; Momesso, Letusa; Pariz, Cristiano M.; Portugal, Jose R.",Overcoming Competition From Intercropped Forages on Upland Rice With Optimized Nitrogen Input to Food Production in Tropical Region,10.3389/fsufs.2020.00129,6141864
"Golabi, Mohammad H.; He, Jin; Li, Hongwen; Wang, Qingjie; Zhang, Xirui","Influence of conservation tillage practices on soil properties and crop yields for maize and wheat cultivation in Beijing, China",10.1071/SR08110,6135817
"Chander, Girish; Dar, William D.; Dixin, Yin; Li, Zhong; Wani, Suhas P.",Enhancing agricultural productivity and rural incomes through sustainable use of natural resources in the Semi Arid Tropics,10.1002/jsfa.4721,6141896
"Komarek, Adam M.",Conservation agriculture in western China increases productivity and profits without decreasing resilience,10.1007/s12571-018-0833-0,6133277
"Cui, Song; Li, Juncheng; Li, Zhou; Shen, Yuying; Yang, Qian; Yang, Xianlong; Yang, Xuan","Developing sustainable cropping systems by integrating crop rotation with conservation tillage practices on the Loess Plateau, a long-term imperative",10.1016/j.fcr.2018.03.027,6133555
"Huffman, Ted; Liu, Xiaobing; Yang, Jingyi; Zhang, Shaoliang; Zhang, Xingyi","Soil Loss, Crop Growth, and Economic Margins under Different Management Systems on a Sloping Field in the Black Soil Area of Northeast China",10.1080/10440046.2011.554307,6137582
"Li, Jun; Wang, Hao; Wang, Rui; Wang, Shulan; Wang, Xiaoli; Wen, Pengfei; Yu, Qi",A suitable rotational conservation tillage system ameliorates soil physical properties and wheat yield: An 11-year in-situ study in a semi-arid agroecosystem,10.1016/j.still.2020.104600,6141510
"He, J.; Li, H.; Li, W.; Lu, Z.; McHugh, A. D.; Wang, Q.; Zhang, Y.",Permanent raised beds improved crop performance and water use on the North China Plain,10.2489/jswc.70.1.54,6141551
"Li, Feng-Min; Liu, Chang-An; Ma, Bao-Luo; Qiang, Sheng-Cai; Wang, Chun-Ling; Wang, Run-Yuan; Xiong, You-Cai; Zhao, Hong",Ridge-furrow with full plastic film mulching improves water use efficiency and tuber yields of potato in a semiarid rainfed ecosystem,10.1016/j.fcr.2014.02.013,6136990
"Cai, Liqun; Coulter, Jeffrey A.; Li, Lingling; Luo, Zhuzhu; Palta, Jairo A.; Wang, Linlin; Xie, Junhong; Zhang, Renzhi","Managing the trade-offs among yield, economic benefits and carbon and nitrogen footprints of wheat cropping in a semi-arid region of China",10.1016/j.scitotenv.2021.145280,6134193
"Changwei, Yu; Dabin, Zhang; Na, Zhao; Pengwei, Yao; Qunhu, Cao; Weidong, Cao; Yajun, Gao; Zheng, Wang",Responses of Winter Wheat Production to Green Manure and Nitrogen Fertilizer on the Loess Plateau,10.2134/agronj14.0432,6137055
"Hu, Mengjun; Li, Shuo; Shi, Jianglan; Tian, Xiaohong; Wu, Jiechen",Integrated wheat-maize straw and tillage management strategies influence economic profit and carbon footprint in the Guanzhong Plain of China,10.1016/j.scitotenv.2021.145347,6134327
"He, Cong; Kou, Yi-Hong; Wang, Yu-Qiao; Yu, Wei-Bao; Yves, Bohoussou N'dri; Zhang, Hai-Lin; Zhao, Xin",Comprehensive analysis of resource utilization efficiency under different tillage systems in North China Plain,10.1016/j.jclepro.2022.131289,6141519
"Chai, Qiang; Fan, Zhilong; Feng, Fuxue; Guo, Yao; Hu, Falong; Yin, Wen; Yu, Aizhong; Zhao, Cai",Wheat-Maize lntercropping With Reduced Tillage and Straw Retention: A Step Towards Enhancing Economic and Environmental Benefits in Arid Areas,10.3389/fpls.2018.01328,6133957
"Huang, Guanhua; Huang, Quanzhong; Li, Changjian; Qu, Zhongyi; Xiong, Yunwu; Xu, Xu","Impact of biochar addition on soil properties and water-fertilizer productivity of tomato in semi-arid region of Inner Mongolia, China",10.1016/j.geoderma.2018.06.014,6135431
"Huang, Fangyuan; Jia, Zhikuan; Wu, Yang; Zhang, Chao","Effects of different mulching patterns on soil moisture, temperature, and maize yield in a semi-arid region of the Loess Plateau, China",10.1080/15324982.2016.1194911,6141779
"Li, Changjiang; Li, Shuo",Energy budget and carbon footprint in a wheat and maize system under ridge furrow strategy in dry semi humid areas,10.1038/s41598-021-88717-3,6141793
"Li, Haoyu; Li, Jun; Liu, Pengzhao; Sun, Yuanguang; Wang, Rui; Wang, Xiaoli; Zhang, Qi; Zhang, Yuanhong","Long-term effects of optimized fertilization, tillage and crop rotation on soil fertility, crop yield and economic profit on the Loess Plateau",10.1016/j.eja.2022.126731,6136322
"Cui, Yong; Liao, Yuncheng; Lu, Xingli; Lu, Xingneng","Tillage and crop straw methods affect energy use efficiency, economics and greenhouse gas emissions in rainfed winter wheat field of Loess Plateau in China",10.1080/09064710.2018.1448883,6141749
"Tian, Yuhua; Yao, Yuanlin; Yin, Bin; Zeng, Ke; Zhang, Bowen; Zhang, Min; Zhao, Meng; Zhao, Miao",Duckweed (Spirodela polyrhiza) as green manure for increasing yield and reducing nitrogen loss in rice production,10.1016/j.fcr.2017.09.021,6141903
"Chen, Yanling; Mi, Guohua; Shao, Hui; Sokolowski, Eldad; Wu, Dali; Xu, Xinxing","Effect of different drip fertigation methods on maize yield, nutrient and water productivity in two-soils in Northeast China",10.1016/j.agwat.2018.10.018,6141753
"Feng, Gary; Jia, Yonglin; Ma, Chao; Qu, Zhongyi; Yang, Wei",Residual effect of single biochar application on soil nutrients availability and fertilizer productivity in a mulched drip-irrigated corn field,10.1080/03650340.2022.2045280,6136634
"Fan, Junliang; Guo, Jinjin; Lai, Zhenlin; Li, Zhijun; Liao, Zhenqi; Xiang, Youzhen; Yan, Shicheng; Zhang, Fucang; Zheng, Jing; Zhou, Minghua",Ridge-furrow plastic film mulching enhances grain yield and yield stability of rainfed maize by improving resources capture and use efficiency in a semi-humid drought-prone region,10.1016/j.agwat.2022.107654,6137000
"Guo, Wen-zhong; Li, Yin-kun; Ma, Li; Wang, Li-chun; Wang, Zhan; Xu, Zhi-gang","Yield, nitrogen use efficiency and economic benefits of biochar additions to Chinese Flowering Cabbage in Northwest China",10.1007/s10705-019-09971-6,6134085
"Li, Zizhong; Sun, Tao","Alfalfa-corn rotation and row placement affects yield, water use, and economic returns in Northeast China",10.1016/j.fcr.2019.107558,6141648
"Ahmad, N.; Akram, A.; Artiola, Janick F.; Qazi, M. Akram; Tuller, M.","Economical and environmental implications of solid waste compost applications to agricultural fields in Punjab, Pakistan",10.1016/j.wasman.2009.05.006,6141585
"Cheng, Mao; Gan, Shuxian; Hu, Fengyi; Hu, Jian; Huang, Guangfu; Huang, Liyu; Zhang, Jing; Zhang, Shilai; Zhang, Yujiao",An innovated crop management scheme for perennial rice cropping system and its impacts on sustainable rice production,10.1016/j.eja.2020.126186,6141576
"Gang, Xue; Huabing, Liu; Shixiao, Xu; Tiezhao, Yang; Xi, Yueling; Yufu, Peng","Plastic film mulching combined with nutrient management to improve water use efficiency, production of rain-fed maize and economic returns in semi-arid regions",10.1016/j.fcr.2018.11.010,6141732
"Li, L-H; Shen, L.; Wan, S-M; Wang, X-Y; Yang, T.; Zhang, W-L; Zhang, W.","Formation of factors influencing cotton yield in jujube-cotton intercropping systems in Xinjiang, China",10.1007/s10457-020-00571-w,6141861
"Li, Shuo; Ma, Lin; Wang, Xiaoqin; Wu, Jiechen",Economic and environmental sustainability of maize-wheat rotation production when substituting mineral fertilizers with manure in the North China Plain,10.1016/j.jclepro.2020.122683,6141586
"Cao, Guojun; Geng, Yuhui; Huang, Jinxin; Wang, Lichun; Wang, Meng",Can drip irrigation under mulch be replaced with shallow-buried drip irrigation in spring maize production systems in semiarid areas of northern China?,10.1002/jsfa.10808,6141772
"Li, Shuo; Shi, Jianglan; Tian, Xiaohong; Wang, Shujuan; Wu, Jiechen","Economic, energy and environmental performance assessment on wheat production under water-saving cultivation strategies",10.1016/j.energy.2022.125330,6141776
"Cui, Rongzong; He, Ping; Qiu, Shaojun; Sun, Jingxia; Wei, Jianlin; Xu, Xinpeng; Zhao, Shicheng; Zhou, Wei","Use of Controlled-Release Urea to Improve Yield, Nitrogen Utilization, and Economic Return and Reduce Nitrogen Loss in Wheat-Maize Crop Rotations",10.3390/agronomy11040723,6133126
"Chen, Juan; Geng, Zhiguang; Li, Feng; Li, Kefu; Siddique, Kadambot H. M.; Song, Yali; Zhang, Guohong",Straw mulching for enhanced water use efficiency and economic returns from soybean fields in the Loess Plateau China,10.1038/s41598-022-21141-3,6137872
"Cao, Tiehua; Deng, Aixing; Feng, Xiaomin; Guo, Jinrui; Lal, Rattan; Song, Zhenwei; Sun, Tao; Zhang, Jun; Zhang, Weijian; Zheng, Chengyan",Crop diversification practice faces a tradeoff between increasing productivity and reducing carbon footprints,10.1016/j.agee.2021.107614,6133187
"Chen, Yijie; Dang, Pengfei; Han, Xiaoqing; Qin, Xiaoliang; Siddique, Kadambot H. M.; Wang, Hongyu; Zhang, Miaomiao",Decreased carbon footprint and increased grain yield under ridge-furrow plastic film mulch with ditch-buried straw returning: A sustainable option for spring maize production in China,10.1016/j.scitotenv.2022.156412,6133417
"Cui, Ningbo; Fan, Junliang; Guo, Jinjin; Guo, Li; Yan, Shicheng; Zhang, Fucang; Zheng, Jing; Zhuang, Qianlai","Interactive effects of mulching practice and nitrogen rate on grain yield, water productivity, fertilizer use efficiency and greenhouse gas emissions of rainfed summer maize in northwest China",10.1016/j.agwat.2021.106778,6134254
"Fan, Zhiyao; Guo, Yuxin; Hao, Xinru; Hu, Xiao; Ma, Jianhui; Wu, Lin; Zhang, Daijing","Optimizing Tillage and Fertilization Patterns to Improve Soil Physical Properties, NUE and Economic Benefits of Wheat-Maize Crop Rotation Systems",10.3390/agriculture12081264,6141719
"Ashraf, Umair; Duan, Meiyang; Li, Lin; Mo, Zhaowen; Pan, Shenggang; Tang, Xiangru; Tian, Hua; Wang, Zaiman; Wu, Tiaoyan; Zhang, Zheng",Productivity and profitability of mechanized deep nitrogen fertilization in mechanical pot-seedling transplanting rice in South China,10.1002/agj2.20564,6136942
"Gao, Na; Li, Shiqing; Shen, Yufang; Wei, Yanan; Yang, Bin; Yue, Shanchao; Zhang, WeiWei","Carbon footprint, yield and economic performance assessment of different mulching strategies in a semi-arid spring maize system",10.1016/j.scitotenv.2022.154021,6141771
"Kong, Yuanyuan; Liu, Zhiming; Lyu, Yanjie; Shao, Xiwen; Wang, Yongjun; Zhang, Xiaolong",Deep Tillage Improves the Grain Yield and Nitrogen Use Efficiency of Maize (Zea mays L.) Under a Wide-Narrow Row Alternative System in Northeast China,10.1007/s42106-021-00181-1,6133407
"Li, Luhua; Liu, Tingting; Shen, Lei; Tuerti, Tayir; Wang, Xiuyuan; Wei, Wenwen; Zhang, Shuai; Zhang, Wei",Juvenile plumcot tree can improve fruit quality and economic benefits by intercropping with alfalfa in semi-arid areas,10.1016/j.agsy.2022.103590,6136220
"Gou, Jiulan; Gu, Xiaofeng; Liu, Lingling; Liu, Yanling; Wei, Quanquan; Zhang, Meng",Biochar-Based Fertilizer Enhances the Production Capacity and Economic Benefit of Open-Field Eggplant in the Karst Region of Southwest China,10.3390/agriculture12091388,6141916
"Chen, Tao; Deng, Aixing; Qi, Yongkui; Shang, Ziyin; Song, Zhenwei; Wang, Tianshu; Yang, Ruiping; Zhang, Jun; Zhang, Weijian; Zhang, Xin; Zheng, Chengyan",Optimization of Rice-Based Double-Cropping System with Conservation Practice Mitigates Carbon Emission While Ensuring Profitability,10.3390/agronomy12040924,6141501
"Chen, Haixin; Chu, Xiaosheng; Feng, Hao; Li, Cheng; Lin, Nanping; Luo, Xiaoqi; Wang, Naijiang",Plastic film-mulched ridges and straw-mulched furrows increase soil carbon sequestration and net ecosystem economic benefit in a wheat-maize rotation,10.1016/j.agee.2022.108311,6141731
"Alayon-Gamboa, Armando; Jimenez-Ferrer, Guillermo; Mendoza-Martinez, German; Soto-Pinto, Lorena",Evaluation of local energy sources in milk production in a tropical silvopastoral system with Erythrina poeppigiana,10.1007/s11250-015-0806-7,6141876
"Dhehibi, Boubaker; Laouar, Abdelmalek; Mekhlouk, Abdelhamid; Rouabhi, Amar",Socioeconomic assessment of no-till in wheat cropping system: a case study in Algeria,10.30682/nm1901e,6136571
"Alwang, J. R.; Cartagena Ayala, Y. E.; D'Adamo, R.; Delgado, J. A.; Dominguez Andrade, J. M.; Escudero Lopez, L. O.; Mosquera, V. H. Barrera","Conservation Agriculture Increases Yields and Economic Returns of Potato, Forage, and Grain Systems of the Andes",10.2134/agronj2019.04.0280,6133284
"Alwang, J.; Barrowclough, M.; Dominguez, J. M.; Gallagher, R.; Mosquera, V. H. Barrera; Stehouwer, R.",Conservation agriculture on steep slopes in the Andes: Promise and obstacles,10.2489/jswc.71.2.91,6133283
"Perez Neira, David",Energy efficiency of cacao agroforestry under traditional and organic management,10.1007/s13593-016-0386-6,6141687
"Alamery, Salman; Das, Shobhan; El-Kholy, Mohamed Farouk; Hassan, Khairy H. A.; Salem-Bekhit, Mounir M.","Effect of Some Soil Conditioners on Water-Use Efficacy, Growth, and Yield of Date Palm Siwi Grown in Sandy Soil under Different Irrigation Regimes to Mitigate Climate Change",10.3390/su141811421,6141588
"Awad, Mohamed F.; Datta, Avishek; El-KHOLY, Ahmed S. M.; El-sobky, El-Sayed E. A.; Hassan, Hend H. M.; Mansour, Elsayed; Ullah, Hayat",Influence of preceding crop and tillage system on forage yield and quality of selected summer grass and legume forage crops under arid conditions,10.1016/j.jia.2022.08.088,6135783
"Aragaw, K.; Ayalew, W.; Malmfors, B.; Nasholm, A.; Philipsson, J.; Rege, J. E. O.; Tibbo, M.",A field trial of production and financial consequences of helminthosis control in sheep production in Ethiopia,10.1016/j.prevetmed.2007.12.011,6141868
"Aune, Jens B.; Johnsen, Fred H.; Tulema, Balesh; Vanlauwe, Bernard","The prospects of reduced tillage in tef (Eragrostis tef Zucca) in Gare Arera, West Shawa Zone of Oromiya, Ethiopia",10.1016/j.still.2007.12.001,6141553
"Bayu, Wondimu; Demelash, Nigus; Sommer, Rolf; Tesfaye, Sitot; Ziadat, Feras",Current and residual effects of compost and inorganic fertilizer on wheat and soil chemical properties,10.1007/s10705-014-9654-5,6133477
"Abera, Dejene; Ashraf, Muhammad; Ayana, Getachew; Gao, Ben-Qiang; Li, Feng-Min; Wang, Bin-Xian; Yuan, Zi-Qiang; Zhang, Rong",Film mulch with irrigation and rainfed cultivations improves maize production and water use efficiency in Ethiopia,10.1111/aab.12531,6134671
"Adie, Abera; Barron, Jennie; Blummel, Michael; Fenta, Habtamu M.; Hussein, Misbah A.; Nakawuka, Prossie; Schmitter, Petra; Steenhuis, Tammo S.; Tilahun, Seifu A.",Berken plow and intercropping with pigeon pea ameliorate degraded soils with a hardpan in the Ethiopian highlands,10.1016/j.geoderma.2021.115523,6141846
"Desta, Bizuwork Tafes; Gezahegn, Almaz Meseret; Tesema, Sisay Eshetu",Impacts of tillage practice on the productivity of durum wheat in Ethiopia,10.1080/23311932.2020.1869382,6135575
"Alemayehu, Getachew; Ayalew, Dereje; Hunegnaw, Yirsaw; Kassaye, Mulatu",Plant Density and Time of White Lupine (Lupinus Albus L.) Relay Cropping with Tef (Eragrostis tef (Zucc.) Trotter) in Additive Design in the Highlands of Northwest Ethiopia,10.1155/2022/8730191,6141866
"Abate, Asefa; Alemayehu, Getachew",Influence of integrated soil fertilization on the productivity and economic return of garlic (Allium sativum L.) and soil fertility in northwest Ethiopian highlands,10.1515/opag-2021-0047,6135798
"Damte, Matebe; Ejigu, Workineh; Elias, Eyasu; Selassie, Yihenew G.",Integrated fertilizer application improves soil properties and maize (Zea mays L.) yield on Nitisols in Northwestern Ethiopia,10.1016/j.heliyon.2021.e06074,6135671
"Adgo, Enyew; Ebabu, Kindiye; Haregeweyn, Nigussie; Masunaga, Tsugiyuki; Meshesha, Derege Tsegaye; Mihretie, Fekremariam Asargew; Tassew, Asamenew; Tsubo, Mitsuru; Tsuji, Wataru; Tsunekawa, Atsushi",Tillage and sowing options for enhancing productivity and profitability of teff in a sub-tropical highland environment,10.1016/j.fcr.2020.108050,6141745
"Adgo, Enyew; Berihun, Mulatu Liyew; Demissie, Simeneh; Ebabu, Kindiye; Fekadu, Genetu; Haregeweyn, Nigussie; Kebede, Birhanu; Masunaga, Tsugiyuki; Meshesha, Derege Tsegaye; Mulualem, Temesgen; Tsubo, Mitsuru; Tsunekawa, Atsushi; Wubet, Anteneh","Dual benefits of polyacrylamide and other soil amendments: Mitigation of soil nutrient depletion and improvement of use-efficiency in midland agro-ecology, Ethiopia",10.1002/ldr.4367,6141584
"Ejigu, Workineh; Elias, Eyasu; Selassie, Yihenew G.; Smaling, Eric",Effect of integrated fertilizer application on soil properties and tef (Eragrostis tef [Zucc] Trotter) yield on Vertisols of Northwestern Ethiopia,10.1080/01904167.2021.1985140,6141562
"Alemayehu Damot, Getachew; Ayalew Zewdie, Dereje; Gebremedhin Woldemariam, Zenebe",Nitrogen fertilizer and cattle manure for Striga (Striga hermonthica) management and enhancement of sorghum productivity in northwest Ethiopia,10.1080/01904167.2021.1952219,6141596
"Chipindu, Lovemore; Kassa, Abrham; Mhlanga, Blessing; Mupangwa, Walter; Mutenje, Munyaradzi; Ncube, Bongani; Tadesse, Ephrem; Yahaya, Rabe","Crop Productivity, Nutritional and Economic Benefits of No-Till Systems in Smallholder Farms of Ethiopia",10.3390/agronomy13010115,6133170
"Asefa, Fayera; Hasan, Mohammad Najmus Saquib; Hunduma, Adugna; Nandeshwar, B. C.; Tufa, Abdela","Levels of Biochar and NPS Fertilizer Rates on Growth, Yield Component, and Yield of Maize (Zea mays L.) at Guto Gida, Western Ethiopia",10.1155/2022/5400431,6135863
"Abdulkadir, Birhan; Admasu, Almaz; Admasu, Wubengeda; Debebe, Anbessie; Habte, Dawit; Mekonnen, Asrat; Tadesse, Amare; Tadesse, Kassu",Effects of seeding and nitrogen fertilizer rates on malting barley yield and quality in highland tropical environment,10.1016/j.jagp.2022.04.014,6141590
"Dogbe, W; Langyintuo, AS; Lowenberg-Deboer, J; Yiridoe, EK",Yield and income risk-efficiency analysis of alternative systems for rice production in the Guinea Savannah of Northern Ghana,10.1111/j.0169-5150.2005.00013.x,6134105
"Bright, Geoff; Cobbina, Joseph; Jatango, John Ayisi; McDonald, Morag; Obiri, Beatrice Darko; Sinclair, Fergus",The economic potential and farmer perceptions of herbaceous legume fallows in Ghana,10.1017/S0014479707005005,6137948
"Adiku, Samuel G. K.; Darko, Eric; MacCarthy, Dilys S.; Nartey, Eric K.; Tettey, Abigail","Integrating Biochar and Inorganic Fertilizer Improves Productivity and Profitability of Irrigated Rice in Ghana, West Africa",10.3390/agronomy10060904,6134332
"Abaidoo, Robert C.; Adjei-Nsiah, Samuel; Ahiabor, Benjamin D. K.; Franke, Angelinus C.; Giller, Ken E.; Kermah, Michael",Maize-grain legume intercropping for enhanced resource use efficiency and crop productivity in the Guinea savanna of northern Ghana,10.1016/j.fcr.2017.07.008,6146841
"Abdul Rahman, Nurudeen; Akakpo, Daniel Brain; Asante, Mary Otiwaa; Hoeschle-Zeledon, Irmgard; Kotu, Bekele; Larbi, Asamoah; Mellon-Bedi, Shaibu","Maize-legume strip cropping effect on productivity, income, and income risk of farmers in northern Ghana",10.1002/agj2.20536,6136256
"Bashagaluke, Janvier Bigabwa; Logah, Vincent; Opoku, Andrews; Sakordie-Addo, Joseph",Nutrient uptake and productivity of four tropical cropping systems under biochar amendment,10.1002/agj2.20259,6141928
"Calderon, Claudia Irene; Hogan, Rose; Jeronimo, Claudia; Leon, Raquel; Prado Cordova, Jose Pablo; Praun, Alexandra; Reyna, Jaime; Santos Castillo, Ivan Dimitri",Agroecology-based farming provides grounds for more resilient livelihoods among smallholders in Western Guatemala,10.1080/21683565.2018.1489933,6141650
"Adams, JF; Bossa, JR; Mullins, GL; Shannon, DA; van Santen, E","Phosphorus, potassium and leucaena pruning interactions on corn in Haiti",10.1007/s10705-005-7128-5,6141612
"Anten, Niels P. R.; Craufurd, P. Q.; Kropff, M. J.; Meinke, H.; Parsons, D.; Rao, V. Nageswara; Rego, T. J.; Wani, S. P.",Strategic double cropping on Vertisols: A viable rainfed cropping option in the Indian SAT to increase productivity and reduce risk,10.1016/j.eja.2014.09.003,6137591
"Behera, U. K.; Pandey, H. N.; Sharma, A. R.",Sustaining productivity of wheat-soybean cropping system through integrated nutrient management practices on the Vertisols of central India,10.1007/s11104-007-9332-3,6137772
"Bandyopadhyay, KK; Ghosh, PK; Hati, KM; Mandal, KG; Misra, AK; Saha, KP; Singh, VV",Cropping systems of Central India: An energy and economic analysis,10.1300/J064v25n03\_08,6133498
"Ghosh, A.",Integrated Nutrient Management by Using Target Yield Equations for Rice-Jute System in Eastern India,10.1080/10440040802121528,6135654
"Gathala, M. K.; Gupta, Raj; Jat, M. L.; Saharawat, Y. S.; Tetarwal, J. P.; Yadvinder-Singh","Double no-till and permanent raised beds in maize-wheat rotation of north-western Indo-Gangetic plains of India: Effects on crop yields, water productivity, profitability and soil physical properties",10.1016/j.fcr.2013.04.024,6141520
"Arvadia, M. K.; Dungrani, R. A.; Jat, Ram A.; Sahrawat, Kanwar L.","Diversification of rice (Oryza sativa L.)-based cropping systems for higher productivity, resource-use efficiency and economic returns in south Gujarat, India",10.1080/03650340.2010.533172,6133912
"Kler, D. S.; Ram, Hari; Saini, K. S.; Singh, Yadvinder; Timsina, J.","TILLAGE AND PLANTING METHODS EFFECTS ON YIELD, WATER USE EFFICIENCY AND PROFITABILITY OF SOYBEAN-WHEAT SYSTEM ON A LOAMY SAND SOIL",,6141558
"Abrol, Vikas; Sharma, Peeyush; Sharma, R. K.","Impact of tillage and mulch management on economics, energy requirement and crop performance in maize-wheat rotation in rainfed subhumid inceptisols, India",10.1016/j.eja.2010.10.003,6135638
"Banik, Pabitra; Sharma, Ravi Chandra","Baby Corn-Legumes Intercropping Systems: I. Yields, Resource Utilization Efficiency, and Soil Health",10.1080/21683565.2014.942764,6141839
"Bijarniya, Deepak; Gupta, Raj K.; Jat, M. K.; Jat, M. L.; Jat, R. K.; Kakraliya, S. K.; Kumar, Mukesh; Parihar, C. M.; Parihar, M. D.; Singh, Ravi G.; Sutaliya, J. M.","Ten years of conservation agriculture in a rice-maize rotation of Eastern Gangetic Plains of India: Yield trends, water productivity and economic profitability",10.1016/j.fcr.2018.12.004,6137700
"Choudhary, M.; Gathala, M. K.; Jat, H. S.; Jat, M. L.; Sharma, D. K.; Singh, Gurbachan; Singh, Ranbir","Management influence on maize-wheat system performance, water productivity and soil biology",10.1111/sum.12208,6134226
"Bhatt, B. P.; Humphreys, E.; Idris, M.; Ladha, J. K.; Laik, Ranjan; Saharawat, Yashpal; Sharma, Sheetal; Singh, A. K.; Singh, S. S.",Integration of conservation agriculture with best management practices for improving system performance of the rice-wheat rotation in the Eastern Indo-Gangetic Plains of India,10.1016/j.agee.2014.06.001,6134311
"Choudhary, V. K.; Kumar, P. Suresh","Crop and water productivity, profitability and energy consumption pattern of a maize-based crop sequence in the North Eastern Himalayan Region, India",10.1080/03650340.2012.665992,6133198
"Gathala, Mahesh K.; Ghosh, Anup K.; Harun-Ar-Rashid, Md.; Hossain, Md. Israil; Islam, Md. Saiful; Krupnik, Timothy J.; McDonald, Andrew; Rahman, Md. Mahbubur; Timsina, Jagadish; Tiwari, Thakur P.",Conservation agriculture based tillage and crop establishment options can maintain farmers' yields and increase profits in South Asia's rice-maize systems: Evidence from Bangladesh,10.1016/j.fcr.2014.12.003,6133296
"Gill, Gurjeet; Malik, Ram K.; Vats, Anil Kumar; Yadav, Ashok; Yadav, Dharam Bir",Direct seeded rice in sequence with zero-tillage wheat in north-western India: addressing system-based sustainability issues,10.1007/s42452-021-04827-7,6133761
"Jat, M. L.; Jat, S. L.; Kumar, Rakesh; Kuri, B. R.; Parihar, C. M.; Parihar, M. D.; Singh, A. K.; Verma, A. P.; Yadav, Brijesh; Yadav, M. R.; Yadav, R. K.",Long term effect of legume intensified crop rotations and tillage practices on productivity and profitability of maize vis-a-vis soil fertility in North-Western Indo-Gangetic Plains of India,10.18805/1r.v0i0.7583,6136349
"Dadhwal, K. S.; Ghosh, B. N.; Mishra, P. K.; Patra, Sridhar; Sharma, N. K.; Singh, Raman Jeet",Energy budgeting and emergy synthesis of rainfed maize-wheat rotation system with different soil amendment applications,10.1016/j.ecolind.2015.10.026,6141594
"Balwinder-Singh; Gathala, Mahesh K.; Jat, Hanuman S.; Kamboj, Baldev R.; Kumar, Virender; Ladha, Jagdish K.; Malik, Ram K.; McDonald, Andrew; Raman, Anitha; Sharma, D. K.; Sharma, Parbodh C.; Yadav, Arvind K.",Can productivity and profitability be enhanced in intensively managed cereal systems while reducing the environmental footprint of production? Assessing sustainable intensification options in the breadbasket of India,10.1016/j.agee.2017.10.006,6141663
"Bandyopadhyay, K. K.; Bhattacharyya, Ranjan; Das, T. K.; Jat, M. L.; Saharawat, Y. S.; Sharma, A. R.; Sudhishri, S.","Conservation agriculture effects on crop and water productivity, profitability and soil organic carbon accumulation under a maize-wheat cropping system in the North-western Indo-Gangetic Plains",10.1016/j.fcr.2017.10.021,6133294
"Choudhary, O. P.; Neemisha; Sharma, Sandeep; Singh, Pritpal","Nitrogen and rice straw incorporation impact nitrogen use efficiency, soil nitrogen pools and enzyme activity in rice-wheat system in north-western India",10.1016/j.fcr.2021.108131,6141697
"Babu, Subhash; Das, Anup; Datta, Mrinmoy; Lal, Rattan; Meena, Ram Swaroop; Patil, Somanagouda B.; Saha, Poulami; Yadav, Gulab Singh",Conservation tillage and mulching effects on the adaptive capacity of direct-seeded upland rice (Oryza sativa L.) to alleviate weed and moisture stresses in the North Eastern Himalayan Region of India,10.1080/03650340.2018.1423555,6133257
"Baishya, Lohit K.; Batabyal, Kaushik; Bhuvaneswari, S.; Das, Ruma; Meitei, Ch Bungbungcha; Naorem, Gulleibi Chanu; Padhan, Dhaneshwar; Prakash, Narendra; Rahman, Feroze H.; Sarkar, Dibyendu; Singh, Jogendra; Thokchom, Repahini Chanu",Can sustainability of maize-mustard cropping system be achieved through balanced nutrient management?,10.1016/j.fcr.2018.05.018,6141580
"Felix, K. Thomas; Malaiarasan, Umanath; Paramasivam, R.",Crop diversification: determinants and effects under paddy-dominated cropping system,10.1007/s10333-021-00843-w,6133181
"Aggarwal, Pramila; Bana, R. S.; Bandyopadhyay, K. K.; Bhatia, A.; Bhattacharyya, Ranjan; Das, T. K.; Datta, S. P.; Jat, M. L.; Kar, A.; Pathak, H.; Saharawat, Y. S.; Sepat, Seema; Sharma, A. R.; Sharma, R. K.; Singh, Billu; Singh, Geeta; Singh, Parmendra; Sudhishri, S.; Vyas, A. K.",Conservation agriculture in an irrigated cotton-wheat system of the western Indo-Gangetic Plains: Crop and water productivity and economic profitability,10.1016/j.fcr.2013.12.017,6133288
"Gupta, Chandra; Gupta, Sanjiv; Pathak, A. D.; Patnaik, J. R.; Sah, A. K.; Singh, S. N.; Singh, V. K.; Tripathi, M. K.",Enhancing Crop Productivity and Profitability of Autumn Sugarcane with Intercropping of Winter Vegetables in Real Farming Situations of North-Central India,10.1007/s12355-022-01219-y,6141856
"Sharma, Sandeep; Sidhu, H. S.; Singh, Vicky; Thind, H. S.; Yadvinder-Singh","Tillage, crop establishment and residue retention methods for optimising productivity and profitability under rice-wheat system",10.1071/CP21595,6141743
"Sharma, Sandeep; Sidhu, H. S.; Singh, Yadvinder; Thind, Harmit Singh","Rice-wheat productivity and profitability with residue, tillage and green manure management",10.1007/s10705-018-09967-8,6137001
"Baghel, J. K.; Bhattacharyya, Ranjan; Das, T. K.; Ghosh, Sourav; Mukherjee, I; Nath, C. P.; Pankaj; Raj, Rishi","Impacts of conservation agriculture and herbicides on weeds, nematodes, herbicide residue and productivity in direct-seeded rice",10.1016/j.still.2020.104634,6135613
"Hazra, K. K.; Kumar, V; Malik, R. K.; Nandan, Rajiv; Nath, C. P.; Poonia, S. P.; Singh, S. S.; Singh, V; Solanki, Ch Hemant",Crop establishment with conservation tillage and crop residue retention in rice-based cropping systems of Eastern India: yield advantage and economic benefit,10.1007/s10333-018-0641-3,6133174
"Choudhary, Rakesh; Jat, H. S.; Jat, M. L.; Nandal, D. P.; Sidhu, H. S.; Singh, Parvinder; Yadvinder-Singh","Evaluation of tillage and crop establishment methods integrated with relay seeding, of wheat and mungbean for sustainable intensification of cotton-wheat system in South Asia",10.1016/j.fcr.2016.08.011,6134554
"Bana, R. S.; Choudhary, G. L.; Prajapat, K.; Rana, K. S.","Moisture conservation and zinc fertilization impacts on quality, profitability and moisture use indices of chickpea (Cicer Arietinum L.) under limited moisture conditions",10.18805/lr.v0iOF.9560,6141703
"Byju, Gangadharan; Jyothi, Alummottil N.; Sreekumar, Janardanan; Suja, Girija; Veena, Syamala S.","Weed cloth, an option for integrated weed management for short-duration cassava",10.1002/agj2.20528,6134005
"Babu, Subhash; Das, Anup; Datta, Mrinmoy; Lal, Rattan; Meena, Ram Swaroop; Saha, Poulami; Singh, Raghavendra; Yadav, Gulab Singh",Energy budget and carbon footprint in a no-till and mulch based rice mustard cropping system,10.1016/j.jclepro.2018.04.173,6141541
"Adhikary, Saju; Bhowmick, Udayan Rudra; Biswas, Benukar; Chakraborty, Debashis; Dhara, Pratap Kumar; Ghosh (Lkn), Dipak Kumar; Kanthal, Sahely; Mondal, Mousumi; Parsad, Rajender; Patra, Kiranmay; Ray, Bikash Ranjan; Sarkar, Arindam; Sarkar, Sukamal; Timsina, Jagadish",Agroforestry offers multiple ecosystem services in degraded lateritic soils,10.1016/j.jclepro.2022.132768,6141943
"Avasthe, R. K.; Babu, Subhash; Chandra, Puran; Das, Anup; Kumar, Amit; Mohapatra, K. P.; Rathore, S. S.; Singh, Raghavendra; Singh, Vinod K.; Yadav, Gulab Singh","Impact of land configuration and organic nutrient management on productivity, quality and soil properties under baby corn in Eastern Himalayas",10.1038/s41598-020-73072-6,6135391
"Choudhary, K. M.; Jat, H. S.; Jat, M. L.; Nandal, D. P.; Poonia, Tanuja; Sharma, P. C.; Singh, Yadvinder; Yadav, A. K.","Conservation Agriculture-based Sustainable Intensification of Cereal Systems Leads to Energy Conservation, Higher Productivity and Farm Profitability",10.1007/s00267-020-01273-w,6133272
"Bana, Anil; Choudhary, K. M.; Jat, H. S.; Jat, M. L.; Jat, R. D.; Kakraliya, S. K.; Nanwal, R. K.; Sapkota, Tek B.; Sutaliya, J. M.; Yadav, A. K.",Conservation agriculture and precision nutrient management practices in maize-wheat system: Effects on crop and water productivity and economic profitability,10.1016/j.fcr.2018.03.025,6133303
"Bijarniya, Deepak; Jat, M. L.; Jat, R. K.; Kakraliya, S. K.; Kalvania, Kailash; Parihar, C. M.","Portfolios of Climate Smart Agriculture Practices in Smallholder Rice-Wheat System of Eastern Indo-Gangetic Plains-Crop Productivity, Resource Use Efficiency and Environmental Foot Prints",10.3390/agronomy10101561,6141730
"Bana, R. S.; Biswakarma, Niraj; Choudhary, A. K.; Das, Kajal; Jat, R. D.; Kumar, Dinesh; Lama, Achal; Meena, M. C.; Pal, Madan; Pooniya, Vijay; Shivay, Y. S.; Sudhishri, Susama; Swarnalakshmi, Karivaradharajan; Verma, A. K.; Zhiipao, R. R.","Five years integrated crop management in direct seeded rice-zero till wheat rotation of north-western India: Effects on soil carbon dynamics, crop yields, water productivity and economic profitability",10.1016/j.agee.2021.107492,6134498
"Borah, T. R.; Chatterjee, Dibyendu; Chowdhury, Pulakabha; Deka, Bidyut C.; Kumar, Rakesh; Kuotsu, Rukuosietuo; Patra, M. K.; Pongen, Imliakum; Ray, Sanjay Kumar; Satapathy, B. S.; Thirugnanavel, A.",Preventing soil degradation in shifting cultivation using integrated farming system models,10.1080/03650340.2021.1937139,6141735
"Bhardwaj, Seema; Bhaskar, Suryanarayan; Kumar, Mahesh; Kumar, Praveen; Lal, Banwari; Nathawat, Narayan Singh; Rathore, Vijay Singh; Reager, Madan Lal; Santra, Priyabrata; Shekhawat, Ravindra Singh; Singh, Jai Prakash; Yadav, Bhagirath Mal; Yadav, Om Parkash; Yadav, Shish Ram; Yadava, Narendra Dev",Alternative cropping systems and optimized management practices for saving groundwater and enhancing economic and environmental sustainability,10.1016/j.agwat.2022.107840,6141646
"Abdallah, Ahmed M.; Choudhary, M.; Jat, M. L.; Jat, S. L.; Mahala, D. M.; Meena, B. R.; Nayak, Hari Sankar; Parihar, C. M.; Patra, K.; Patra, S.; Rathi, N.; Rupesh; Sena, D. R.; Sharma, D. K.; Singh, Raj",Co-implementation of precision nutrient management in long-term conservation agriculture-based systems: A step towards sustainable energy-water-food nexus,10.1016/j.energy.2022.124243,6141509
"Banjara, Tej Ram; Bohra, J. S.; Kumar, Sushil; Pal, Vijay; Ram, Asha","Diversification of Rice-wheat Cropping System Improves Growth, Productivity and Energetics of Rice in the Indo-Gangetic Plains of India",10.1007/s40003-020-00533-9,6133911
"Bijarniya, Deepak; Gora, M. K.; Jat, H. S.; Jat, M. L.; Kakraliya, Manish; Kakraliya, S. K.; Sharma, P. C.; Singh, Ishwar",Energy and economic efficiency of climate-smart agriculture practices in a rice-wheat cropping system of India,10.1038/s41598-022-12686-4,6141542
"Bastia, Dilip Kumar; Behera, Subrat Kumar; Panda, Manas Ranjan","Impacts of soil fertility management on productivity and economics of rice and fodder intercropping systems under rainfed conditions in Odisha, India",10.1016/S2095-3119(20)63591-2,6135587
"Singh, Sudhir; Singh, Y. P.; Tomar, Sandeep S.","Effect of precise levelling, tillage and seed sowing methods of pearlmillet based cropping systems on productivity and soil quality in dryland area",10.1016/j.still.2021.105069,6141530
"Banerjee, Hirak; Garai, Sourav; Kundu, Rajib; Mondal, Mousumi; Sarkar, Sukamal","Mulching and nitrogen management in peanut cultivation: an evaluation of productivity, energy trade-off, carbon footprint and profitability",10.1007/s40974-020-00189-9,6141692
"Avasthe, R. K.; Babu, Subhash; Chandra, Puran; Das, Anup; Kumar, Amit; Mohapatra, K. P.; Singh, Raghavendra; Singh, Vinod K.; Yadav, Gulab Singh","Crop productivity, soil health, and energy dynamics of Indian Himalayan intensified organic maize-based systems",10.1016/j.iswcr.2020.11.003,6133167
"Bohra, J. S.; Kumar, Maneesh; Singh, S. K.","Cumulative Effect of Organic and Inorganic Sources of Nutrients on Yield, Nutrients Uptake and Economics by Rice-Wheat Cropping System in Indo-Gangetic Plains of India",10.1080/00103624.2020.1729788,6133479
"Nigam, G. K.; Sahu, R. K.; Sahu, Radhika; Sinha, Jitendra",Used plastic materials as mulches: An alternative to conventional black plastic mulch for small and marginal farmers,10.1016/j.pce.2019.02.005,6133107
"Bhatnagar, Amit; Chandra, Subhash; Chaturvedi, Sumit; Datta, Debarati; Ghosh, Sourav; Kar, Gouranga; Nath, Chaitanya Prasad; Singh, Gurvinder; Singh, Veer","Soil-plant water dynamics, yield, quality and profitability of spring sweet corn under variable irrigation scheduling, crop establishment and moisture conservation practices",10.1016/j.fcr.2022.108450,6137527
"Meena, Raj Pal; Tripathi, S. C.; Venkatesh, Karnam",Environmentally sound alternative cropping systems for rice-wheat systems in North West India,10.1007/s00704-022-03948-2,6141493
"Chandrashekara, Keerthi Manikyanahalli; Jagan Mohan Reddy, Mogili; Jahan, Afifa; Kumar, Parimal; Prabhakar Reddy, Thalla; Rajashekar, Banda; Rajashekhar, Mandla; Ramakrishna, Kommagoni; Satyanarayana, Eetela; Shankar, Adhi; Shravika, Lakkakula","Evaluation of integrated pest management module for pink bollworm, Pectinophora gossypiella (Saunders) and its economic analysis under farmer's field conditions",10.1080/09670874.2022.2096269,6141832
"Bhatnagar, Amit; Chandra, Subhash; Chaturvedi, Sumit; Pyne, Suhita; Raverkar, K. P.; Roy, Arkaprava; Singh, Gurvinder","Economic, water saving and energy efficient crop establishment and inter-culture practices for wheat (Triticum aestivum L.) in Indian humid subtropics",10.1080/03650340.2022.2157407,6141522
"Bhat, Mohammad Anwar; Brestic, Marian; EL Sabagh, Ayman; Ganai, Manzoor A.; Hussain, Ashaq; Jehangir, Intikhab Aalum; Mahdi, Syed Sheraz; R. Sofi, Najeeb; Raja, Waseem; Skalicky, Milan; Soufan, Walid; Teeli, Nazir Ahmad; Ueda, Akihiro; Wani, Shabir H.",Response of Rice (Oryza sativa L.) Cultivars to Variable Rate of Nitrogen under Wet Direct Seeding in Temperate Ecology,10.3390/su14020638,6137083
"Alam, Badre; Banjara, Tej Ram; Kumar, Sushil; Taria, Sukumar; Verma, S. K.; Yadav, Ashok","Tillage based Crop Establishment Methods and Zinc Application Enhances Productivity, Grain Quality, Profitability and Energetics of Direct-Seeded Rice in Potentially Zinc-Deficient Soil in the Subtropical Conditions of India",10.1080/00103624.2022.2043340,6141557
"Bhatt, Bhagwati Prasad; Choudhary, Jaipal Singh; Hans, Hansraj; Hazra, Kali Krishna; Kumar, Rakesh; Mishra, Janki Sharan; Mondal, Surajit; Rao, Karnena Koteswara",Crop rotation and tillage management options for sustainable intensification of rice-fallow agro-ecosystem in eastern India,10.1038/s41598-020-67973-9,6133163
"Choudhury, B. U.; Das, Shaon Kumar; Ghosh, Goutam Kr; Hazarika, S.; Mishra, V. K.",Developing biochar and organic nutrient packages/technology as soil policy for enhancing yield and nutrient uptake in maize-black gram cropping system to maintain soil health,10.1007/s13399-022-02300-y,6133557
"Bochalya, R. S.; Gupta, A. K.; Kumar, Deepak; Kumar, P.; Mehta, Swati; Puniya, R.; Thakur, N. P.","Residual Effect of Fertility Levels, Biofertilizer and Foliar Nutrition on Yield and Yield Attributes of Summer Blackgram (Vigna mungo L.) in Wheat-blackgram Cropping System under Subtropical Conditions in Jammu",10.18805/LR-4843,6136635
"Kumar, Abhay; Kumar, Avinash; Kumar, Rakesh; Kumar, Ujjwal; Mondal, Surajit; Monobrullah, Md; Raman, Rohan Kumar; Singh, Dhiraj Kumar; Singh, Rajeev; Sundaram, Prem Kumar; Upadhyaya, Ashutosh",Efficiency of different cropping systems for sustaining productivity in middle Indo-Gangetic Plains,10.56093/ijas.v92i8.117619,6141682
"Ali, Baber; Hafeez, Aqsa; Kumar, Suresh; Manuja, Sandeep; Poczai, Peter; Saini, Ankit","Impact of Cultivation Practices and Varieties on Productivity, Profitability, and Nutrient Uptake of Rice (Oryza sativa L.) and Wheat (Triticum aestivum L.) Cropping System in India",10.3390/agriculture12101678,6135418
"Bozhbanov, Alikhan; Orynbasarova, Gulnar; Suleimenova, Mariya; Suleimenova, Naziya; Yerekeyeva, Svetlana",Environmental Monitoring of the Sustainability and Productivity of the Agroecosystem of Oilseeds in South-East Kazakhstan,10.12911/22998993/139114,6141505
"Aisakulova, Khaiyrnisa; Bissembayev, Anuarbek; Saljnikov, Elmira; Turebayeva, Sagadat; Yerkin, Akbota; Yesseyeva, Gainiya; Zhapparova, Aigul",Productivity of Rainfed Winter Wheat with Direct Sowing and Economic Efficiency of Diversified Fertilization in Arid Region of South Kazakhstan,10.3390/agronomy12010111,6136928
"Bar-Tal, A.; Danga, B. O.; Ouma, J. P.; Wakindiki, I. I. C.",Chickpea-Wheat Rotation for Higher Production in a Humid Tropical Region,10.2134/agronj2009.0145,6146779
"Bruce, Toby J.; Khan, Zeyaur R.; Midega, Charles A. O.; Pickett, John A.; Pittchar, Jimmy; Salifu, Daisy",Cumulative effects and economic benefits of intercropping maize with food legumes on Striga hermonthica infestation,10.1016/j.fcr.2013.09.012,6146888
"Mukasa, D.; Uringi, N. O.; Wairegi, L. W. I.; van Asten, P. J. A.",Agronomic and economic benefits of coffee-banana intercropping in Uganda's smallholder farming systems,10.1016/j.agsy.2010.12.004,6146787
"Choudhary, Madhu; Datta, Ashim; Jat, Hanuman S.; Jat, M. L.; Meena, R. P.; Mondal, Sandip; Sapkota, Tek B.; Sharma, Parbodh C.; Yadav, Arvind K.","Sustainable intensification influences soil quality, biota, and productivity in cereal-based agroecosystems",10.1016/j.apsoil.2018.02.027,6136416
"Baaru, Mary; Kimaru-Muchai, W. Serah; Muna, W. Monica Mucheru-; Ngetich, K. Felix",Zai pits for heightened sorghum production in drier parts of Upper Eastern Kenya,10.1016/j.heliyon.2021.e08005,6134071
"Job, Kihara; Michael, Kinyua; Monicah, Mucheru-Muna; Peter, Bolo",Optimizing interaction between crop residues and inorganic N under zero tillage systems in sub-humid region of Kenya,10.1016/j.heliyon.2021.e07908,6141721
"Diiro, Gracious; Ekesi, Sunday; Kassie, Menale; Midingoyi, Soul-kifouly G.; Muriithi, Beatrice",Do Farmers and the Environment Benefit from Adopting Integrated Pest Management Practices? Evidence from Kenya,10.1111/1477-9552.12306,6133864
"Kemboi, Evans; Kiprotich, Collins; Muendo, Kavoi","Crop diversification analysis amongst smallholder farmers in Kenya(empirical evidence from Kamariny ward, Elgeyo Marakwet County)",10.1080/23311932.2020.1834669,6133205
"Mucheru-Muna, M. W.; Ndeleko-Barasa, E. M.; Ngetich, K. F.",Agronomic and financial benefits of direct Minjingu phosphate rock use in acidic humic nitisols of Upper Eastern Kenya,10.1016/j.heliyon.2021.e08332,6141577
"Flavel, Richard; Guppy, Chris; Im, Sophoeun; Martin, Robert; Montgomery, Stephanie; Phan, Sophanara; Tighe, Matthew; Wright, Graeme",Productivity and profitability of upland crop rotations in Northwest Cambodia,10.1016/j.fcr.2016.12.010,6136941
"An, Chanratha; Malacrino, Antonino; Miller, Sally; Norton, George; O'Rourke, Megan E.; Porras, Mitzy F.; Rajotte, Edwin G.; Rosa, Cristina; Seng, Kim Hian; Socheath, Ong",An Integrated Pest Management Program Outperforms Conventional Practices for Tomato (Solanum lycopersicum) in Cambodia,10.1094/PHP-09-21-0123-RS,6141813
"El-Shater, Tamer; Yigezu, Yigezu A.",Can Retention of Crop Residues on the Field Be Justified on Socioeconomic Grounds? A Case Study from the Mixed Crop-Livestock Production Systems of the Moroccan Drylands,10.3390/agronomy11081465,6141662
"El-Shater, Tamer; Yigezu, Yigezu A.",Can Retention of Crop Residues on the Field Be Justified on Socioeconomic Grounds? A Case Study from the Mixed Crop-Livestock Production Systems of the Moroccan Drylands,,6141662
"Abera, Tolera; Kumbi, Haji; Midega, Tesfaye; Tola, Buzuayehu; Tufa, Tolcha",Effect of Integrated Inorganic and Organic Fertilizers on Yield and Yield Components of Barley in Liben Jawi District,10.1155/2018/2973286,6141561
"Fonteyne, Simon; Martinez Gamino, Miguel-Angel; Saldivia Tejeda, Abel; Verhulst, Nele",Conservation Agriculture Improves Long-term Yield and Soil Quality in Irrigated Maize-oats Rotation,10.3390/agronomy9120845,6133289
"Farnworth, Cathy Rozel; Mupangwa, Walter; Mutenje, Munyaradzi Junia; Nyagumbo, Isaiah; Stirling, Clare; Thierfelder, Christian",A cost-benefit analysis of climate-smart agriculture options in Southern Africa: Balancing gender and technology,10.1016/j.ecolecon.2019.05.013,6141632
"Chikowo, Regis; Chimonyo, Vimbayi; Gwenambira, Chiwimbo; John, Innocensia; Nord, Alison; Snapp, Sieglinde","Marginal more than mesic sites benefit from groundnut diversification of maize: Increased yield, protein, stability, and profits",10.1016/j.agee.2021.107585,6134172
"Bado, Boubie Vincent; Manzo, Maman Laminou Sanoussi; Whitbread, Anthony","Improving agricultural productivity using agroforestry systems: Performance of millet, cowpea, and ziziphus-based cropping systems in West Africa Sahel",10.1016/j.agee.2020.107175,6135532
"Diels, J.; Franke, A. C.; Oyewole, B. D.; Schulz, S.; Tobe, O. K.","THE ROLE OF CATTLE MANURE IN ENHANCING ON-FARM PRODUCTIVITY, MACRO- AND MICRO-NUTRIENT UPTAKE, AND PROFITABILITY OF MAIZE IN THE GUINEA SAVANNA",10.1017/S0014479708006443,6141614
"Avav, Ter-Rumun; Chikoye, David; Ellis-Jones, Jim; Ibana, Simon E.; Kormawa, Patrick; Udensi, Udensi E.",Options for cogongrass (Imperata cylindrica) control in white Guinea yam (Dioscorea rotundata) and cassava (Manihot esculenta),10.1614/WT-04-310R2.1,6141833
"Adigbo, S. O.; Adigbo, V. B.; Okeleye, K. A.",Performance of upland rice fitted into lowland rice-vegetable/cowpea sequence in rainfed inland valley,10.2134/agronj2005.0170,6141491
"Ehanire, Bryan; Otoadese, Joshua; Oyeogbe, Anthony","Diversification of maize-based intercropping systems in tropical rainforest agroecosystem of Nigeria: productivity, profitability and soil fertility",10.17170/kobra-202011192213,6133913
"Gathala, Mahesh Kumar; Jha, Raj Kant; Panday, Dinesh; Pokharel, Dipendra; Shrestha, Hari Krishna; Tiwari, Thakur Prasad",Is conservation agriculture a potential option for cereal-based sustainable farming system in the Eastern Indo-Gangetic Plains of Nepal?,10.1080/23311932.2018.1557582,6135971
"Ali, Syed N. Azam; Iqbal, Munawar; Maqsood, Muhammad; Shehzad, Muhammad Asif",Rice cultures and nitrogen rate effects on yield and quality of rice (Oryza sativa L.),10.3906/tar-1203-5,6137005
"Ahmad, Naeem; Ehsan-Ul-Haq; Javid, Shahid; Mahmood, Abid; Majeed, Abdul; Mehdi, Shahzada Munawar; Mehmood, Atif; Niaz, Abid",Influence of P-enriched compost application on economics and P use efficiency of a maize-wheat rotation system,10.1016/j.cj.2018.05.007,6135786
"Ali, Shahzad; Daur, Ihsanullah; Inamullah; Jan, Amanullah; Khan, Ahmad; Khan, Muhammad Ijaz; Manzoor; Sohail, Amir; Zhang, Jiahua",Soil amendments strategies to improve water-use efficiency and productivity of maize under different irrigation conditions,10.1016/j.agwat.2018.08.009,6136553
"Asad, Saeed A.; Farooq, Muhammad; Nadeem, Asif; Nawaz, Ahmad; Rehman, Abdul; Ullah, Aman",Manganese nutrition improves the productivity and grain biofortification of fine grain aromatic rice in conventional and conservation production systems,10.1007/s10333-016-0573-8,6134190
"Farooq, Muhammad; Farooq, Shahid; Hussain, Mubshar; Jabran, Khawar; Nawaz, Ahmad; Shahzad, Muhammad","Economic assessment of conventional and conservation tillage practices in different wheat-based cropping systems of Punjab, Pakistan",10.1007/s11356-017-0136-6,6141523
"Hussain, Mubshar; Ijaz, Muhammad; Mahmood, Khalid; Sattar, Abdul; Shahid, Muhammad; Sher, Ahmad; Tahir, Muhammad; Ul-Allah, Sami",Combined application of biochar and PGPR consortia for sustainable production of wheat under semiarid conditions with a reduced dose of synthetic fertilizer,10.1007/s42770-019-00043-z,6141913
"Farooq, Muhammad; Iqbal, Muhammad; Javed, Atif; Lal, Rattan; Shehzadi, Ruqia","Plastic Film and Straw Mulch Effects on Maize Yield and Water Use Efficiency under Different Irrigation Levels in Punjab, Pakistan",10.17957/IJAB/15.0955,6141801
"Abid, Muhammad; Shahzad, Khurram; Sintim, Henry Y.",Wheat Productivity and Economic Implications of Biochar and Inorganic Nitrogen Application,10.2134/agronj2018.01.0055,6133966
"Aziz, Marjan; Javid, Shahid; Khan, Azra; Muhammad, Ghulam; Naseem, Waqas; Rafique, Rizwan; Rizvi, Sultan A.; Sajjad, Muhammad R.; Subhani, Abid",Characterization of cowpea to harvest rainwater for wheat in semiarid conditions,10.5424/sjar/2021193-16645,6141667
"Hussain, Hadi; Jamil, Ihsan; Jun, Wen; Mughal, Bushra; Waheed, Junaid; Waseem, Muhammad",Agricultural Innovation: A comparative analysis of economic benefits gained by farmers under climate resilient and conventional agricultural practices,10.1016/j.landusepol.2021.105581,6141634
"Amanullah; Azam, Muhammad; Farooq, Omer; Jamal, Aftab; Khan, Imad; Mihoub, Adil; Radicetti, Emanuele; Roberto, Mancinelli; Saeed, Muhammad Farhan; Zia, Adil",Partial Substitution of Chemical Fertilizers with Organic Supplements Increased Wheat Productivity and Profitability under Limited and Assured Irrigation Regimes,10.3390/agriculture12111754,6141608
"Bizoza, A. R.; De Graaff, J.",FINANCIAL COST- BENEFIT ANALYSIS OF BENCH TERRACES IN RWANDA,10.1002/ldr.1051,6134662
"Dejana, Dzigurski; Ljiljana, Nikolic; Maja, Manojlovic; Martina, Bavec; Ranko, Cabilovski; Srdan, Seremesic","Ground cover management and farmyard manure effects on soil nitrogen dynamics, productivity and economics of organically grown lettuce (Lactuca sativa L. subsp secalina)",10.1016/S2095-3119(16)61565-4,6135226
"Aw-Hassan, A.; El-Shater, Tamer; Haddad, Atef; Khalil, Yaseen; Loss, Stephen; Mugera, Amin; Piggin, Colin; Yigezu, Yigezu A.",Does Zero Tillage Improve the Livelihoods of Smallholder Cropping Farmers?,10.1111/1477-9552.12133,6141521
"Bibi, Irshad; Hilger, Thomas; Hussain, Khalid; Ilyas, Ayesha",Sustainable Soil Loss Management in Tropical Uplands: Impact on Maize-Chili Cropping Systems,10.3390/su13116477,6136396
"Bekunda, Mateete; Fischer, Gundula; Kihara, Job; Kimaro, Anthony; Kinyua, Michael; Kizito, Fred; Manda, Julius; Mutungi, Christopher; Okori, Patrick; Swai, Elirehema",Contributions of integrated soil fertility management (ISFM) to various sustainable intensification impact domains in Tanzania,10.1016/j.agsy.2022.103496,6133363
"Kaizzi, CK; Ssali, H; Vlek, PLG",Differential use and benefits of Velvet bean (Mucuna pruriens var. utilis) and N fertilizers in maize production in contrasting agro-ecological zones of E. Uganda,10.1016/j.agsy.2005.06.003,6146887
"Fatumah, Nakiguli; Mohammed, Ssemwanga; Tilahun, Seifu A.","Water use efficiency, grain yield, and economic benefits of common beans (Phaseolus vulgaris L.) under four soil tillage systems in Mukono District, Uganda",10.1016/j.heliyon.2021.e06308,6134030
"Ala-Kokko, Kristiina; Mulimbi, Willy; Nalley, Lawton Lanier; Strauss, Johann",Economic and environmental comparison of conventional and conservation agriculture in South African wheat production,10.1080/03031853.2023.2169481,6141524
"Cheesman, Stephanie; Rusinamhodzi, Leonard; Thierfelder, Christian",Benefits and challenges of crop rotations in maize-based conservation agriculture (CA) cropping systems of southern Africa,10.1080/14735903.2012.703894,6146782
"Chikowo, R.; Giller, K. E.; Mapfumo, P.; Mtambanengwe, F.; Rufino, M. C.; Rurinda, J.; van Wijk, M. T.","Comparative assessment of maize, finger millet and sorghum for household food security in the face of increasing climatic risk",10.1016/j.eja.2013.12.009,6146770
"Mupangwa, W.; Mutsamba, E. F.; Nyagumbo, I",Forage and maize yields in mixed crop-livestock farming systems Enhancing forage and maize yields in mixed crop-livestock systems under conservation agriculture in sub-humid Zimbabwe,10.1016/j.njas.2019.100317,6134448
"Groot, Jeroen C. J.; Mapfumo, Paul; Mbanyele, Vengai; Mtambanengwe, Florence; Nezomba, Hatirarami",Combinations of in-field moisture conservation and soil fertility management reduce effect of intra-seasonal dry spells on maize under semi-arid conditions,10.1016/j.fcr.2021.108218,6141624
